bout_id,side,action,response,comments,mistake,,,,
1,R,Cc,,,,,,,
1,L,Cc,,,,,,,
1,L,Cc,,,,,,,
1,L,Cc,,,,,,,
1,L,Cc,,,,,,,
1,R,Cc,,,,,,,
1,L,Aan,P,,,,,,
2,L,A,P,,,,,,
2,L,A,P,,,,,,
2,R,A,Csh,,,,,,
2,L,A,Cc,,,,,,
2,L,A,Cc,,,,,,
2,L,cR,Rr,,,,,,
3,L,Ar,,,,,,,
3,L,cR,Ar,,,,,,
3,L,Cc,,,,,,,
3,R,Cc,,,,,,,
3,R,R,P,,,,,,
3,L,Cc,,,,,,,
3,L,Ar,,,,,,,
4,L,A,Cc,,,,,,
4,L,A,Ap,,,,,,
4,R,R,Ar,,,,,,
4,R,A,P,,,,,,
4,L,Cc,,,,,,,
4,L,A,P,,,,,,
4,R,A,A,,,,,,
4,L,Cc,,,,,,,
5,R,Ar,,,,,,,
5,R,R,Ar,,,,,,
5,L,R,Ar,,,,,,
5,L,cR,Rr,,,,,,
5,L,A,Ap,,,,,,
5,R,A,Ap,,,,,,
5,L,Ap,A,,,,,,
5,L,Ap,A,,,,,,
6,R,A,P,,,,,,
6,L,Cc,,,,,,,
6,R,R,P,,,,,,
6,R,Cc,,,,,,,
6,R,Cc,,Two equal attacks countered the same way in a row,,,,,
6,R,R,P,Didn’t need to attack for these last 3 touches,,,,,
7,L,Cc,,,,,,,
7,R,A,P,,,,,,
7,L,A,Cc,,,,,,
7,L,Ar,,,,,,,
7,L,R,Ar,,,,,,
7,R,Ar,,,,,,,
7,L,Ap,,,,,,,
8,L,Ar,,,,,,,
8,R,A,P,,,,,,
8,R,R,P,,,,,,
8,L,R,A,,,,,,
8,R,A,A,Missing the tip could be due to hitting with the arm not fully extended yet. Maybe having it a bit more extended at the point of the hit could be better.,,,,,
8,R,Rrr,,,,,,,
8,L,Ap,,,,,,,
8,R,Arr,,,,,,,
9,L,A,P,,,,,,
9,L,Crr,,,,,,,
9,L,Cc,,,,,,,
9,L,Ar,,,,,,,
9,R,Ap,P,,,,,,
9,R,cRrr,,,,,,,
9,R,A,Cc,,,,,,
9,L,Cc,,,,,,,
10,L,Cc,,,,,,,
10,R,Cc,,,,,,,
10,L,A,P,,,,,,
10,L,A,A,,,,,,
10,R,A,P,,,,,,
10,R,A,Cc,,,,,,
10,L,A,P,,,,,,
10,R,Ar,,,,,,,
10,L,Af,Cd,,,,,,
11,R,A,P,Long attack at the end that I tried to parry,,,,,
11,R,A,Cc,Fake acceleration to invite counter. It seems like at a long distance he will make a long fast attack and at a short distance he will do a fake acceleration.,,,,,
11,L,Cc,,,,,,,
11,R,Cc,,,,,,,
11,L,A,P,To the flank,,,,,
11,R,A,Cc,Long attack at the end that I tried to counter,,,,,
11,R,Cc,,Lunge closing 4 like always. Looks like he searches counter six before closing.,,,,,
12,R,R,Ar,"I synchronize my Ap with his search perfectly,  except I don’t disengage and go straight into his parry (perfect timing for him - it was an invitation)",,,,,
12,,,,Why am I countering without hitting so much in these two bouts?,,,,,
12,,,,Another missed attack with a missed remise,,,,,
12,R,R,P,Parry prime feint riposte to the back and riposte to the chest with the hand up,,,,,
12,,,,He always parries a C6/prime,,,,,
12,R,Cc,A,,,,,,
12,R,Cc,A,Finished the same way in the outside,,,,,
12,R,Cc,A,Now I finished on the inside but still got countered,,,,,
13,R,A,Cc,,,,,,
13,L,A,P,,,,,,
13,L,Cc,,Attack to the back,,,,,
13,R,cR,P,,,,,,
13,L,R,Ar,,,,,,
13,R,A,P,,,,,,
13,R,Arr,,,,,,,
13,L,A,Ap,,,,,,
13,L,yc,,Head,,,,,
13,L,rc,,Falling down,,,,,
14,R,Ar,,Waited for him to remise but tried to parry again,,,,,
14,R,Arrr,,He defended my Cc with distance,,,,,
14,R,Cc,,I rushed in the middle with my hand pulled going outside again,,,,,
14,,,,He defended my Cc with distance again,,,,,
14,L,A,Cc,Long attack to the flank,,,,,
14,R,A,P,Tried to jump parry,,,,,
14,L,A,Cc,,,,,,
14,R,A,Cc,Defended my Cc with distance again (he was definetely inviting it),,,,,
15,L,A,P,,,,,,
15,L,cRr,,,,,,,
15,L,A,A,But here I do the same thing and it’s my attack in the middle,,,,,
15,L,Ar,,,,,,,
15,R,Rr,,,,,,,
15,R,A,D,,,,,,
15,L,Ar,,,,,,,
16,L,Cc,,,,,,,
16,R,A,Cc,I probably shouldn’t have countered again,,,,,
16,R,Cc,,I really don’t know why I missed the tip here,,,,,
16,,cR,P,Should have riposted with disengage; he was ready for the parry. Maybe it was even second intention.,,,,,
16,L,Ar,,,,,,,
16,L,Cr,,,,,,,
16,R,A,P,,,,,,
16,R,Ap,,Looks like I’m pulling my arm or taking to long to finish in the middle,,,,,
17,R,Ap,,Looks like I’m pulling my arm or taking to long to finish in the middle,,,,,
17,R,A,Cc,,,,,,
17,R,A,P,Have to work on my parry form,,,,,
17,R,A,P,Tried to jump parry again,,,,,
17,L,A,P,Ataque filippi,,,,,
17,R,Ap,,Middle again (I should have realized this ref was just always going to say I pull my arm; other refs didn’t call it the same way - its the ref with the bad leg),,,,,
18,R,Ar,,,,,,,
18,R,A,Csh,,,,,,
18,R,Ap,,,,,,,
18,R,A,Cc,,,,,,
18,R,Ar,,,,,,,
19,R,Ar,,,,,,,
19,R,Abt,P,,,,,,
19,L,Ar,,,,,,,
19,L,A,A,,,,,,
19,R,Ar,,,,,,,
19,L,R,P,Early C6 to the back,,,,,
19,L,Rr,,,,,,,
19,R,Ap,A,Definitely the wrong call,,,,,
19,R,Cc,,BF - Not the smartest decision,,,,,
20,R,A,Cc,,,,,,
20,L,Ar,,Parada com a mão torta pra cima,Technical,,,,
20,R,Cc,,,,,,,
20,R,R,Ar,,,,,,
20,R,Cc,,,,,,,
20,R,A,Cc,,,,,,
21,L,Cc,A,"Acelerei de proposito em uma distância ok e ele arrestou. Como eu queria que ele arrestasse, eu deveria ter finalizado em um lugar com mais angulação.",Execution,,,,
21,R,Cc,,,,,,,
21,R,A,D,,,,,,
21,R,A,Cc,,,,,,
21,R,Cr,,,,,,,
21,R,A,A,,,,,,
22,R,A,P,,,,,,
22,R,A,Ap,Gelei quando estava fazendo a resposta com lançado,Technical,,,,
22,R,Cc,,,,,,,
22,R,Cc,,,,,,,
22,R,A,Cc,,,,,,
23,L,yc,,Weight,,,,,
23,L,rc,,Weight,,,,,
23,L,Arr,,Missed my first BF riposte and then got up and opened the distance a bit letting him stop hit me,Technical,,,,
23,R,Cc,,,,,,,
23,R,A,Cc,,,,,,
23,R,Cc,,,,,,,
23,L,A,Cc,I shouldn’t have countered right after I just did a counter,Tactical,,,,
23,L,Ar,,Gelei fazendo a resposta,Technical,,,,
23,L,Csh,,Afundo curto demais sabendo que ele ia tocar e sair,Execution,,,,
24,R,Cc,,,,,,,
24,R,A,P,,,,,,
24,R,R,Ar,,Execution,,,,
24,L,Cc,,Errei na hora de colocar a ponta quando ele fez afundo. Acho que a angulação da mão não era boa comparada à angulação do tronco dele,,,,,
24,R,A,A,,,,,,
24,L,Ar,,Estava esquivando na parada denovo e errei o angulo da mao denovo,Technical,,,,
24,L,cR,,Fui esperar a remessa dele mas ele pegou a lâmina e eu fiz uma buscada muito grande. Provavelmente por causa da posição da mão,Technical,,,,
24,L,A,P,"Definitely the wrong call,  it was my parry-riposte WC",,,,,
24,L,A,Cc,"I wanted to avoid trying to parry again,  but I counterattacked when he was going slow.",Timing,,,,
25,L,Ar,,,,,,,
25,L,A,Cc,,,,,,
25,R,Abt,P,Searched the blade nonstop and crossed my legs to retreat. Could have kept the distance and closed.,Tactical,,,,
25,L,Cr,,,,,,,
25,R,Csh,,I was too far or unprepared to finish against a stop hit Could have also tried a counter time.,Reaction,,,,
25,R,Cc,,He invited me to finish on the flank and I fell for it. My posture also wasn’t the best in these attacks.,Reaction,,,,
25,R,A,Cc,I expected him to rush with Abt again but he knew I had invited him to rush so he finished short,Execution,,,,
25,L,A,P,,,,,,
25,L,A,Csh,,,,,,
26,L,yc,,weight,,,,,
26,L,rc,,weight,,,,,
26,L,A,Csh,,,,,,
26,L,Cc,,,,,,,
26,R,Cr,,I missed my first attack that drew his counter-attack successfully but I should have probably tried to take his blade to be safe instead of flicking him in the back,Tactical,,,,
26,R,R,Ar,"Most definitely a ref mistake,  it was a malparry",,,,,
26,R,A,Csh,"I don’t know why I went in,  he was advancing slowly. I tried to close but then transitioned to a stop hit because I saw he was going to get me.",Tactical,,,,
26,L,Ar,,,,,,,
26,L,R,,,,,,,
27,R,Abt,P,Gave him too much space and searched for the blade too much,Tactical,,,,
27,L,A,Csh,,,,,,
27,R,Act,Cc,He was waiting for me and did a counter-time,Tactical,,,,
27,L,Cc,,,,,,,
27,R,A,Cc,"I tried to finish on the outside,  where I always miss",Execution,,,,
27,R,A,A,I think I pulled my arm on the simultaneous or something,,,,,
27,R,R,Ar,He waited to riposte and finished only after I tried to parry and close again. I also attack from too far away. I could have just opened the distance to avoid his riposte or closed more.,Execution,,,,
28,L,Cc,,,,,,,
28,R,Cc,,I actually don’t know why I missed,Technical,,,,
28,L,A,P,,,,,,
28,L,Ar,,,,,,,
28,R,ccR,Rr,Elvis is in front of the camera,,,,,
28,L,A,P,,,,,,
28,L,Ar,,,,,,,
29,R,R,P,Lunged straight into his invitation. Could have done a disengage or a fake reaction,Tactical,,,,
29,L,A,P,Cubana,,,,,
29,L,R,,,,,,,
29,R,R,P,"Pretty much the same as before,  where I lunged into his invitation.",Tactical,,,,
29,L,A,Csh,,,,,,
29,R,A,P,I tried to slow his prep with a point in line but I let him finish on his time. I could have moved more or made an invitation.,Tactical,,,,
29,R,Act,Cc,Counter time. I counter-attacked into his invitation this time. (With 4 seconds remaining),Tactical,,,,
30,L,A,Csh,"Could have tried some second intention stuff when time was running out. Actually,  could have used second intention more throughout the whole bout.",,,,,
30,L,A,Cc,,,,,,
30,L,A,P,,,,,,
30,L,Cc,,,,,,,
30,L,Cc,,,,,,,
31,R,Ap,A,,,,,,
31,R,Cc,,,,,,,
31,R,Ap,,,,,,,
31,R,Abt,P,,,,,,
31,R,A,A,,,,,,
32,R,Ap,A,,,,,,
32,R,Cc,,,,,,,
32,R,Cc,,,,,,,
32,R,Cc,,,,,,,
32,R,Ap,,,,,,,
33,R,A,P,Hit the mask,,,,,
33,L,A,P,Beat the blade suddenly on his fake attack and finished in the flank,,,,,
33,R,R,Ar,"I was attacking beating the blade and advancing quickly and he took the blade and flicked the back. Since I was upright maybe a better choice would be to dodge by jumping. Since he tries to take my blade a lot,  hiding it more could work better and just beating continuously too so that it is always my blade.",,,,,
33,,,,I probably have to practice more ripostes with disengage when the opponent finishes at a long distance. It should be muscle memory.,,,,,
33,L,Cc,,This counter attack probably worked because I did a quick body feint right before actually closing,,,,,
33,L,Cc,,,,,,,
33,R,Cc,,Missed trying to finish on the outside,,,,,
33,,,,One good thing about this bout is that it looks like I’m always retreating with proper steps back when they do a long attack,,,,,
33,L,Rr,,,,,,,
33,R,Ar,,"I did an invitation for him to finish,  which he did (except it could have been a fake),  I parried and waited for him to dodge,  except I tried to finish on the lower outside again and missed. I should have finished in the back or done a counter time.",,,,,
33,L,Abt,P,"Attacked into his preparation very similarly to the first touch,  but he ran away backwards without balance,  allowing me to pull my arm and avoid his parries.",,,,,
34,L,R,,,,,,,
34,L,Cc,,,,,,,
34,L,R,,,,,,,
35,R,R,,"I beat and rush into him to attract his counter,  but he actually closes while parrying with the blade. I think this could be improved with better technique/mechanics and maybe by waiting a bit more to finish and rushing less. However,  I think this action was a bit too risky also.",,,,,
35,L,yc,,Closing to avoid the touch but probably wrong,,,,,
35,L,Cc,,,,,,,
35,R,Abt,P,"He cornered me to the back of the strip and started a broken time attack. I dropped to the back leg to parry,  making it easy for him to touch. Against a broken time attack it would be better to maybe stop hit (since he slowed down),  parry with a step forward (or still since the distance is close),   or even close (although he would expect that),  or hide behind my arm",,,,,
35,L,Ap,A,,,,,,
35,R,Cc,,"He lunged into my attack so I tried to finish in the back,  which was mostly being closed by his lunge. I could have finished on the chest (a feint in the back and then finishing in the chest would work even better) and I could have tried a counter time. But also maybe better flicking mechanics could have let me hit too.",,,,,
35,L,Cc,,,,,,,
35,R,A,Cc,I can’t see the video properly but it looks like I closed into a slow preparation. I should have known he was inviting me to close.,Tactics,,,,
35,L,A,P,Near simultaneous action. These worked and I should have tried more since near-simultaneous actions are recommended against continuously attacking fencers.,,,,,
35,R,A,Cc,"Closed into his slow preparation again. I don’t know if closing itself was a bad idea,  but I certainly did it in the wrong moment, although I wasn’t able to tell that is was an invitation,  but if I expected him to make fake invitations it would have been easier to notice.",,,,,
36,L,Cc,,,,,,,
36,L,Cc,,,,,,,
36,R,Act,Cc,,,,,,
36,L,Abt,P,,,,,,
36,R,R,P,,,,,,
36,R,A,P,,,,,,
36,R,A,P,,,,,,
36,L,Ap,,,,,,,
36,L,A,Ap,,,,,,
37,L,A,Cc,,,,,,
37,R,A,Ap,,,,,,
37,L,A,Cc,,,,,,
37,L,R,Ar,,,,,,
37,L,R,P,,,,,,
37,R,Cc,,,,,,,
37,R,Cc,,,,,,,
37,R,Ar,,,,,,,
37,L,Cc,,,,,,,
38,R,Cc,,,,,,,
38,L,A,Ap,,,,,,
38,R,Csh,,,,,,,
38,L,A,Cl,,,,,,
38,L,A,Csh,,,,,,
38,R,Cc,,,,,,,
38,R,Cc,,,,,,,
38,L,A,Csh,,,,,,
38,R,Csh,,,,,,,
39,L,Cc,,,,,,,
39,L,A,P,,,,,,
39,L,Csh,,,,,,,
39,R,Ar,,,,,,,
39,R,Ar,,,,,,,
39,R,Cc,,,,,,,
39,R,Cc,,,,,,,
39,R,Cc,,,,,,,
40,R,Cc,,,,,,,
40,R,R,P,,,,,,
40,L,A,P,,,,,,
40,R,Cc,,,,,,,
40,L,A,P,,,,,,
40,L,R,Ar,,,,,,
40,R,Cc,,,,,,,
40,L,R,P,,,,,,
40,L,A,P,,,,,,
42,L,A,P,,,,,,
42,R,Cc,,,,,,,
42,L,ccR,cRr,,,,,,
42,L,Cc,,,,,,,
42,L,A,Ap,,,,,,
42,L,cR,Rr,,,,,,
43,R,Cc,Ap,,,,,,
43,R,Cc,,,,,,,
43,L,Cc,,,,,,,
43,R,A,Cc,,,,,,
43,R,Cc,,,,,,,
43,L,A,Cc,,,,,,
43,R,R,P,,,,,,
44,L,R,P,Can’t see properly,,,,,
44,R,Csh,Abt,,,,,,
44,L,cRr,ccR,,,,,,
44,R,A,P,,,,,,
44,R,A,Cc,,,,,,
44,L,Rr,cRr,,,,,,
44,L,Abt,Csh,,,,,,
44,L,R,Ar,,,,,,
44,L,Cc,,,,,,,
41,R,A,Cc,,,,,,
41,L,Rr,cR,,,,,,
41,L,R,Ar,,,,,,
41,L,A,Csh,,,,,,
41,R,Ar,,,,,,,
41,R,Act,Cc,,,,,,
41,R,A,P,,,,,,
41,R,A,P,,,,,,
45,R,Cc,,,,,,,
45,L,A,P,,,,,,
45,R,A,Ap,,,,,,
45,L,Cl,,,,,,,
45,L,A,Ap,,,,,,
45,R,Cc,,,,,,,
45,L,A,P,,,,,,
45,L,A,Cc,,,,,,
46,R,cR,Rr,,,,,,
46,L,Aan,Ar,,,,,,
46,R,A,Cc,,,,,,
46,R,A,P,,,,,,
46,R,Csh,,,,,,,
46,L,Rr,P,,,,,,
46,R,bl,,,,,,,
47,L,R,,This is most certainly my beat attack,,,,,
47,R,Cc,,,,,,,
47,R,A,P,,,,,,
47,L,R,Ar,,,,,,
47,L,R,Ar,Renewal of answering attack,,,,,
47,L,R,Ar,Renewal of answering attack,,,,,
47,L,Cc,,,,,,,
48,R,Cc,,,,,,,
48,R,A,Cc,,,,,,
48,L,Ar,P,,,,,,
48,R,Ar,,,,,,,
48,L,Cc,,,,,,,
48,L,Ar,,,,,,,
48,L,R,Ar,,,,,,
48,R,A,Cc,,,,,,
48,R,A,P,,,,,,
